project,ticker,tier,category,host_chain_aggregate,admin_exposure,cross_chain_exposure,reserve_custody_exposure,other_exposure,ec_sunset,date_last_updated,audit,report
Tether USDt,USDT,F,Stablecoin,f-nothing.svg,f-nothing.svg,f-nothing.svg,n-not-applicable.svg,n-not-applicable.svg,f-nothing.svg,2026-05-15,,
USDC,USDC,F,Stablecoin,f-nothing.svg,f-nothing.svg,f-nothing.svg,n-not-applicable.svg,n-not-applicable.svg,f-nothing.svg,2026-05-15,,
Figure Heloc,FIGR_HELOC,F,RWA,f-nothing.svg,f-nothing.svg,n-not-applicable.svg,n-not-applicable.svg,f-nothing.svg,f-nothing.svg,2026-05-13,,
USDS,USDS,F,Stablecoin,f-nothing.svg,f-nothing.svg,f-nothing.svg,n-not-applicable.svg,n-not-applicable.svg,f-nothing.svg,2026-05-13,,
LEO Token,LEO,F,Exchange Token,f-nothing.svg,f-nothing.svg,f-nothing.svg,n-not-applicable.svg,n-not-applicable.svg,f-nothing.svg,2026-05-13,,
Chainlink,LINK,F,Utility,f-nothing.svg,f-nothing.svg,f-nothing.svg,n-not-applicable.svg,f-nothing.svg,f-nothing.svg,2026-05-15,,
USD1,USD1,F,Stablecoin,f-nothing.svg,f-nothing.svg,f-nothing.svg,n-not-applicable.svg,n-not-applicable.svg,f-nothing.svg,2026-05-13,,
Dai,DAI,F,Stablecoin,f-nothing.svg,f-nothing.svg,f-nothing.svg,f-nothing.svg,n-not-applicable.svg,f-nothing.svg,2026-05-13,,
USDe,USDE,F,Stablecoin,f-nothing.svg,f-nothing.svg,f-nothing.svg,n-not-applicable.svg,n-not-applicable.svg,f-nothing.svg,2026-05-13,,
SHIB,SHIB,F,Meme,f-nothing.svg,n-not-applicable.svg,f-nothing.svg,n-not-applicable.svg,n-not-applicable.svg,f-nothing.svg,2026-05-13,,
RAIN,RAIN,F,DeFi Governance,f-nothing.svg,f-nothing.svg,n-not-applicable.svg,n-not-applicable.svg,f-nothing.svg,f-nothing.svg,2026-05-13,,
PYUSD,PYUSD,F,Stablecoin,f-nothing.svg,f-nothing.svg,f-nothing.svg,n-not-applicable.svg,n-not-applicable.svg,f-nothing.svg,2026-05-13,,
USDG,USDG,F,Stablecoin,f-nothing.svg,f-nothing.svg,f-nothing.svg,n-not-applicable.svg,n-not-applicable.svg,f-nothing.svg,2026-05-13,,
Circle USYC (Hashnote),USYC,F,RWA,f-nothing.svg,f-nothing.svg,f-nothing.svg,n-not-applicable.svg,f-nothing.svg,f-nothing.svg,2026-05-13,,
XAUT,XAUT,F,Commodity-Backed,f-nothing.svg,f-nothing.svg,f-nothing.svg,n-not-applicable.svg,n-not-applicable.svg,f-nothing.svg,2026-05-13,,
UNI,UNI,F,DeFi Governance,f-nothing.svg,f-nothing.svg,f-nothing.svg,n-not-applicable.svg,n-not-applicable.svg,f-nothing.svg,2026-05-13,,
BUIDL,BUIDL,F,RWA,f-nothing.svg,f-nothing.svg,f-nothing.svg,n-not-applicable.svg,f-nothing.svg,f-nothing.svg,2026-05-13,,
PAXG,PAXG,F,Commodity-Backed,f-nothing.svg,f-nothing.svg,n-not-applicable.svg,n-not-applicable.svg,f-nothing.svg,f-nothing.svg,2026-05-13,,
WLFI,WLFI,F,DeFi Governance,f-nothing.svg,f-nothing.svg,f-nothing.svg,n-not-applicable.svg,n-not-applicable.svg,f-nothing.svg,2026-05-13,,
USDY,USDY,F,RWA,f-nothing.svg,f-nothing.svg,f-nothing.svg,n-not-applicable.svg,f-nothing.svg,f-nothing.svg,2026-05-13,,
ONDO,ONDO,F,RWA,f-nothing.svg,f-nothing.svg,n-not-applicable.svg,n-not-applicable.svg,n-not-applicable.svg,f-nothing.svg,2026-05-13,,
HTX,HTX,F,DeFi Governance,f-nothing.svg,f-nothing.svg,f-nothing.svg,n-not-applicable.svg,n-not-applicable.svg,f-nothing.svg,2026-05-13,,
PEPE,PEPE,F,Meme,f-nothing.svg,n-not-applicable.svg,f-nothing.svg,n-not-applicable.svg,n-not-applicable.svg,f-nothing.svg,2026-05-13,,
SKY,SKY,F,DeFi Governance,f-nothing.svg,f-nothing.svg,f-nothing.svg,n-not-applicable.svg,n-not-applicable.svg,f-nothing.svg,2026-05-13,,
RLUSD,RLUSD,F,Stablecoin,f-nothing.svg,f-nothing.svg,f-nothing.svg,f-nothing.svg,n-not-applicable.svg,f-nothing.svg,2026-05-13,,
USDD,USDD,F,Stablecoin,f-nothing.svg,f-nothing.svg,f-nothing.svg,n-not-applicable.svg,n-not-applicable.svg,f-nothing.svg,2026-05-13,,
AAVE,AAVE,F,DeFi Governance,f-nothing.svg,f-nothing.svg,f-nothing.svg,n-not-applicable.svg,n-not-applicable.svg,f-nothing.svg,2026-05-13,,
Bitget Token,BGB,F,Exchange Token,f-nothing.svg,f-nothing.svg,f-nothing.svg,n-not-applicable.svg,n-not-applicable.svg,f-nothing.svg,2026-05-13,,
MORPHO,MORPHO,F,DeFi Governance,f-nothing.svg,f-nothing.svg,f-nothing.svg,n-not-applicable.svg,n-not-applicable.svg,f-nothing.svg,2026-05-13,,
JTRSY,JTRSY,F,RWA,f-nothing.svg,f-nothing.svg,f-nothing.svg,n-not-applicable.svg,f-nothing.svg,f-nothing.svg,2026-05-13,,
QNT,QNT,F,Cross-Chain Infrastructure,f-nothing.svg,f-nothing.svg,f-nothing.svg,n-not-applicable.svg,n-not-applicable.svg,f-nothing.svg,2026-05-13,,
ENA,ENA,F,DeFi Governance,f-nothing.svg,f-nothing.svg,f-nothing.svg,n-not-applicable.svg,n-not-applicable.svg,f-nothing.svg,2026-05-13,,
United Stables,U,F,Stablecoin,f-nothing.svg,f-nothing.svg,f-nothing.svg,n-not-applicable.svg,n-not-applicable.svg,f-nothing.svg,2026-05-13,,
USTB,USTB,F,RWA,f-nothing.svg,f-nothing.svg,f-nothing.svg,n-not-applicable.svg,f-nothing.svg,f-nothing.svg,2026-05-13,,
EUTBL,EUTBL,F,RWA,f-nothing.svg,f-nothing.svg,f-nothing.svg,n-not-applicable.svg,f-nothing.svg,f-nothing.svg,2026-05-13,,
BCAP,BCAP,F,RWA,f-nothing.svg,f-nothing.svg,f-nothing.svg,n-not-applicable.svg,f-nothing.svg,f-nothing.svg,2026-05-13,,
RENDER,RENDER,F,Utility,f-nothing.svg,f-nothing.svg,f-nothing.svg,n-not-applicable.svg,n-not-applicable.svg,f-nothing.svg,2026-05-13,,
NEXO Token,NEXO,F,Exchange Token,f-nothing.svg,f-nothing.svg,f-nothing.svg,n-not-applicable.svg,n-not-applicable.svg,f-nothing.svg,2026-05-13,,
WLD,WLD,F,Identity,f-nothing.svg,f-nothing.svg,f-nothing.svg,n-not-applicable.svg,f-nothing.svg,f-nothing.svg,2026-05-13,,
SIREN,SIREN,F,Meme,f-nothing.svg,f-nothing.svg,n-not-applicable.svg,n-not-applicable.svg,n-not-applicable.svg,f-nothing.svg,2026-05-13,,
JUP,JUP,F,DeFi Governance,f-nothing.svg,f-nothing.svg,f-nothing.svg,n-not-applicable.svg,n-not-applicable.svg,f-nothing.svg,2026-05-13,,
VVV,VVV,F,Utility,f-nothing.svg,f-nothing.svg,n-not-applicable.svg,n-not-applicable.svg,n-not-applicable.svg,f-nothing.svg,2026-05-16,,
PUMP,PUMP,F,Meme,f-nothing.svg,f-nothing.svg,n-not-applicable.svg,n-not-applicable.svg,f-nothing.svg,f-nothing.svg,2026-05-13,,
BUILDon,B,F,Meme,f-nothing.svg,n-not-applicable.svg,n-not-applicable.svg,n-not-applicable.svg,n-not-applicable.svg,f-nothing.svg,2026-05-13,,
USDtb,USDTB,F,Stablecoin,f-nothing.svg,f-nothing.svg,f-nothing.svg,f-nothing.svg,f-nothing.svg,f-nothing.svg,2026-05-13,,
BONK,BONK,F,Meme,f-nothing.svg,n-not-applicable.svg,f-nothing.svg,n-not-applicable.svg,n-not-applicable.svg,f-nothing.svg,2026-05-13,,
OUSG,OUSG,F,RWA,f-nothing.svg,f-nothing.svg,f-nothing.svg,n-not-applicable.svg,f-nothing.svg,f-nothing.svg,2026-05-13,,
GHO,GHO,F,Stablecoin,f-nothing.svg,f-nothing.svg,f-nothing.svg,n-not-applicable.svg,n-not-applicable.svg,f-nothing.svg,2026-05-13,,
Usual USD,USD0,F,RWA,f-nothing.svg,f-nothing.svg,f-nothing.svg,n-not-applicable.svg,f-nothing.svg,f-nothing.svg,2026-05-13,,
DEXE,DEXE,F,DeFi Governance,f-nothing.svg,f-nothing.svg,f-nothing.svg,n-not-applicable.svg,n-not-applicable.svg,f-nothing.svg,2026-05-13,,
YLDS,YLDS,F,RWA,f-nothing.svg,f-nothing.svg,f-nothing.svg,n-not-applicable.svg,f-nothing.svg,f-nothing.svg,2026-05-13,,
A7A5,A7A5,F,Stablecoin,f-nothing.svg,f-nothing.svg,f-nothing.svg,n-not-applicable.svg,n-not-applicable.svg,f-nothing.svg,2026-05-13,,
SKYAI,SKYAI,F,DeFi Governance,f-nothing.svg,n-not-applicable.svg,n-not-applicable.svg,n-not-applicable.svg,n-not-applicable.svg,f-nothing.svg,2026-05-13,,
LAB,LAB,F,DeFi Governance,f-nothing.svg,n-not-applicable.svg,n-not-applicable.svg,n-not-applicable.svg,n-not-applicable.svg,f-nothing.svg,2026-05-13,,
USDGO,USDGO,F,Stablecoin,f-nothing.svg,f-nothing.svg,n-not-applicable.svg,n-not-applicable.svg,n-not-applicable.svg,f-nothing.svg,2026-05-14,,
Apyx Dollar (apxUSD),APXUSD,F,Stablecoin,f-nothing.svg,f-nothing.svg,f-nothing.svg,n-not-applicable.svg,f-nothing.svg,f-nothing.svg,2026-05-14,,
USX,USX,F,Stablecoin,f-nothing.svg,f-nothing.svg,n-not-applicable.svg,f-nothing.svg,n-not-applicable.svg,f-nothing.svg,2026-05-14,,
LayerZero,ZRO,F,DeFi Governance,f-nothing.svg,f-nothing.svg,f-nothing.svg,n-not-applicable.svg,f-nothing.svg,f-nothing.svg,2026-05-15,,
PENDLE,PENDLE,F,DeFi Governance,f-nothing.svg,f-nothing.svg,f-nothing.svg,n-not-applicable.svg,n-not-applicable.svg,f-nothing.svg,2026-05-14,,
FLOKI,FLOKI,F,Meme,f-nothing.svg,n-not-applicable.svg,f-nothing.svg,n-not-applicable.svg,n-not-applicable.svg,f-nothing.svg,2026-05-14,,
GWEI / ETHGas,GWEI,F,DeFi Governance,f-nothing.svg,f-nothing.svg,f-nothing.svg,n-not-applicable.svg,n-not-applicable.svg,f-nothing.svg,2026-05-14,,
FRAX (Legacy Frax Dollar),FRAX,F,Stablecoin,f-nothing.svg,f-nothing.svg,f-nothing.svg,f-nothing.svg,f-nothing.svg,f-nothing.svg,2026-05-14,,
ENS,ENS,F,DeFi Governance,f-nothing.svg,f-nothing.svg,n-not-applicable.svg,n-not-applicable.svg,n-not-applicable.svg,f-nothing.svg,2026-05-14,,
SYRUP,SYRUP,F,DeFi Governance,f-nothing.svg,f-nothing.svg,f-nothing.svg,n-not-applicable.svg,n-not-applicable.svg,f-nothing.svg,2026-05-15,,
FARTCOIN,FARTCOIN,F,Meme,f-nothing.svg,n-not-applicable.svg,n-not-applicable.svg,n-not-applicable.svg,n-not-applicable.svg,f-nothing.svg,2026-05-15,,
GRASS,GRASS,F,DeFi Governance,f-nothing.svg,f-nothing.svg,n-not-applicable.svg,n-not-applicable.svg,f-nothing.svg,f-nothing.svg,2026-05-16,,
GALA,GALA,F,Utility,f-nothing.svg,f-nothing.svg,f-nothing.svg,n-not-applicable.svg,n-not-applicable.svg,f-nothing.svg,2026-05-15,,
MX Token,MX,F,Exchange Token,f-nothing.svg,f-nothing.svg,f-nothing.svg,n-not-applicable.svg,n-not-applicable.svg,f-nothing.svg,2026-05-15,,
1inch,1INCH,F,DeFi Governance,f-nothing.svg,f-nothing.svg,f-nothing.svg,n-not-applicable.svg,n-not-applicable.svg,f-nothing.svg,2026-05-16,,
RIVER,RIVER,F,Stablecoin,f-nothing.svg,f-nothing.svg,f-nothing.svg,n-not-applicable.svg,n-not-applicable.svg,f-nothing.svg,2026-05-16,,
USDf (Falcon),USDF,F,Stablecoin,f-nothing.svg,f-nothing.svg,f-nothing.svg,n-not-applicable.svg,n-not-applicable.svg,f-nothing.svg,2026-05-13,,
KAITO,KAITO,F,DeFi Governance,f-nothing.svg,f-nothing.svg,n-not-applicable.svg,n-not-applicable.svg,n-not-applicable.svg,f-nothing.svg,2026-05-16,,
SAFE,SAFE,F,DeFi Governance,f-nothing.svg,f-nothing.svg,f-nothing.svg,n-not-applicable.svg,n-not-applicable.svg,f-nothing.svg,2026-05-16,,
2Z,,F,Utility,f-nothing.svg,f-nothing.svg,n-not-applicable.svg,n-not-applicable.svg,f-nothing.svg,f-nothing.svg,2026-05-14,,
AB,,F,Utility,f-nothing.svg,f-nothing.svg,f-nothing.svg,n-not-applicable.svg,n-not-applicable.svg,f-nothing.svg,2026-05-15,,
ADI,,D,Utility,f-nothing.svg,f-nothing.svg,f-nothing.svg,n-not-applicable.svg,d-discussed.svg,f-nothing.svg,2026-05-14,,
AERO,,F,DeFi Governance,f-nothing.svg,f-nothing.svg,n-not-applicable.svg,n-not-applicable.svg,n-not-applicable.svg,f-nothing.svg,2026-05-14,,
ATH,,F,DeFi Governance,f-nothing.svg,f-nothing.svg,f-nothing.svg,n-not-applicable.svg,n-not-applicable.svg,f-nothing.svg,2026-05-16,,
AWE,,F,DeFi Governance,f-nothing.svg,f-nothing.svg,f-nothing.svg,n-not-applicable.svg,n-not-applicable.svg,f-nothing.svg,2026-05-16,,
AXS,,F,DeFi Governance,f-nothing.svg,f-nothing.svg,f-nothing.svg,n-not-applicable.svg,n-not-applicable.svg,f-nothing.svg,2026-05-15,,
BAT,,F,Utility,f-nothing.svg,f-nothing.svg,f-nothing.svg,n-not-applicable.svg,n-not-applicable.svg,f-nothing.svg,2026-05-15,,
BEAT,,F,Utility,f-nothing.svg,n-not-applicable.svg,n-not-applicable.svg,n-not-applicable.svg,n-not-applicable.svg,f-nothing.svg,2026-05-15,,
BILL,,F,DeFi Governance,f-nothing.svg,f-nothing.svg,f-nothing.svg,n-not-applicable.svg,n-not-applicable.svg,f-nothing.svg,2026-05-14,,
BTT,,F,Utility,f-nothing.svg,f-nothing.svg,f-nothing.svg,n-not-applicable.svg,n-not-applicable.svg,f-nothing.svg,2026-05-14,,
CAKE,,F,DeFi Governance,f-nothing.svg,f-nothing.svg,f-nothing.svg,n-not-applicable.svg,n-not-applicable.svg,f-nothing.svg,2026-05-13,,
Cheems (cheems.pet),,F,Meme,f-nothing.svg,f-nothing.svg,n-not-applicable.svg,n-not-applicable.svg,n-not-applicable.svg,f-nothing.svg,2026-05-16,,
COMP,,F,DeFi Governance,f-nothing.svg,f-nothing.svg,f-nothing.svg,n-not-applicable.svg,n-not-applicable.svg,f-nothing.svg,2026-05-15,,
COW,,F,DeFi Governance,f-nothing.svg,f-nothing.svg,f-nothing.svg,n-not-applicable.svg,n-not-applicable.svg,f-nothing.svg,2026-05-16,,
CRV,,F,DeFi Governance,f-nothing.svg,f-nothing.svg,f-nothing.svg,n-not-applicable.svg,n-not-applicable.svg,f-nothing.svg,2026-05-14,,
CVX,,F,DeFi Governance,f-nothing.svg,f-nothing.svg,f-nothing.svg,n-not-applicable.svg,n-not-applicable.svg,f-nothing.svg,2026-05-15,,
DEEP,,F,DeFi Governance,f-nothing.svg,f-nothing.svg,n-not-applicable.svg,n-not-applicable.svg,n-not-applicable.svg,f-nothing.svg,2026-05-15,,
EDGE,,F,DeFi Governance,f-nothing.svg,f-nothing.svg,n-not-applicable.svg,n-not-applicable.svg,n-not-applicable.svg,f-nothing.svg,2026-05-13,,
EIGEN,,F,DeFi Governance,f-nothing.svg,f-nothing.svg,n-not-applicable.svg,n-not-applicable.svg,f-nothing.svg,f-nothing.svg,2026-05-16,,
ETHFI,,F,DeFi Governance,f-nothing.svg,f-nothing.svg,f-nothing.svg,n-not-applicable.svg,n-not-applicable.svg,f-nothing.svg,2026-05-14,,
EURC,,F,Stablecoin,f-nothing.svg,f-nothing.svg,f-nothing.svg,n-not-applicable.svg,n-not-applicable.svg,f-nothing.svg,2026-05-14,,
EURSAFO,,F,RWA,f-nothing.svg,f-nothing.svg,f-nothing.svg,n-not-applicable.svg,f-nothing.svg,f-nothing.svg,2026-05-14,,
FDUSD,,F,Stablecoin,f-nothing.svg,f-nothing.svg,f-nothing.svg,n-not-applicable.svg,n-not-applicable.svg,f-nothing.svg,2026-05-14,,
FF (Falcon Finance),,F,DeFi Governance,f-nothing.svg,f-nothing.svg,f-nothing.svg,n-not-applicable.svg,n-not-applicable.svg,f-nothing.svg,2026-05-15,,
FLUID,,F,DeFi Governance,f-nothing.svg,f-nothing.svg,f-nothing.svg,n-not-applicable.svg,n-not-applicable.svg,f-nothing.svg,2026-05-15,,
FORM,,F,DeFi Governance,f-nothing.svg,f-nothing.svg,n-not-applicable.svg,n-not-applicable.svg,n-not-applicable.svg,f-nothing.svg,2026-05-16,,
FTX Token,FTT,F,Exchange Token,f-nothing.svg,f-nothing.svg,f-nothing.svg,n-not-applicable.svg,n-not-applicable.svg,f-nothing.svg,2026-05-16,,
GAS,,F,DeFi Governance,f-nothing.svg,f-nothing.svg,n-not-applicable.svg,n-not-applicable.svg,n-not-applicable.svg,f-nothing.svg,2026-05-16,,
GLM,,F,Utility,f-nothing.svg,f-nothing.svg,f-nothing.svg,n-not-applicable.svg,n-not-applicable.svg,f-nothing.svg,2026-05-16,,
GRT,,F,DeFi Governance,f-nothing.svg,f-nothing.svg,f-nothing.svg,n-not-applicable.svg,n-not-applicable.svg,f-nothing.svg,2026-05-14,,
H (Humanity Protocol),,F,Identity,f-nothing.svg,f-nothing.svg,f-nothing.svg,n-not-applicable.svg,f-nothing.svg,f-nothing.svg,2026-05-13,,
JAAA,,F,RWA,f-nothing.svg,f-nothing.svg,f-nothing.svg,n-not-applicable.svg,f-nothing.svg,f-nothing.svg,2026-05-14,,
JASMY,,F,Utility,f-nothing.svg,f-nothing.svg,n-not-applicable.svg,n-not-applicable.svg,n-not-applicable.svg,f-nothing.svg,2026-05-14,,
JST,,F,DeFi Governance,f-nothing.svg,f-nothing.svg,f-nothing.svg,n-not-applicable.svg,n-not-applicable.svg,f-nothing.svg,2026-05-13,,
JTO,,F,DeFi Governance,f-nothing.svg,f-nothing.svg,n-not-applicable.svg,n-not-applicable.svg,n-not-applicable.svg,f-nothing.svg,2026-05-15,,
KAG,,F,Utility,f-nothing.svg,f-nothing.svg,n-not-applicable.svg,n-not-applicable.svg,n-not-applicable.svg,f-nothing.svg,2026-05-14,,
KAU,,F,Commodity-Backed,f-nothing.svg,f-nothing.svg,n-not-applicable.svg,n-not-applicable.svg,n-not-applicable.svg,f-nothing.svg,2026-05-14,,
KITE,,F,DeFi Governance,f-nothing.svg,f-nothing.svg,f-nothing.svg,n-not-applicable.svg,n-not-applicable.svg,f-nothing.svg,2026-05-13,,
LDO,,F,DeFi Governance,f-nothing.svg,f-nothing.svg,f-nothing.svg,n-not-applicable.svg,n-not-applicable.svg,f-nothing.svg,2026-05-14,,
LIT,,F,DeFi Governance,f-nothing.svg,n-not-applicable.svg,n-not-applicable.svg,n-not-applicable.svg,n-not-applicable.svg,f-nothing.svg,2026-05-16,,
Lombard,BARD,F,DeFi Governance,f-nothing.svg,f-nothing.svg,f-nothing.svg,n-not-applicable.svg,f-nothing.svg,f-nothing.svg,2026-05-16,,
LPT,,F,DeFi Governance,f-nothing.svg,f-nothing.svg,f-nothing.svg,n-not-applicable.svg,n-not-applicable.svg,f-nothing.svg,2026-05-16,,
MANA,,F,DeFi Governance,f-nothing.svg,f-nothing.svg,f-nothing.svg,n-not-applicable.svg,n-not-applicable.svg,f-nothing.svg,2026-05-15,,
MegaUSD (USDm),,F,Stablecoin,f-nothing.svg,f-nothing.svg,f-nothing.svg,f-nothing.svg,n-not-applicable.svg,f-nothing.svg,2026-05-14,,
MELANIA,,F,Meme,f-nothing.svg,n-not-applicable.svg,n-not-applicable.svg,n-not-applicable.svg,n-not-applicable.svg,f-nothing.svg,2026-05-16,,
NFT,APENFT,F,Utility,f-nothing.svg,f-nothing.svg,f-nothing.svg,n-not-applicable.svg,n-not-applicable.svg,f-nothing.svg,2026-05-14,,
OHM,,F,RWA,f-nothing.svg,f-nothing.svg,f-nothing.svg,f-nothing.svg,n-not-applicable.svg,f-nothing.svg,2026-05-14,,
PENGU,,F,Meme,f-nothing.svg,n-not-applicable.svg,f-nothing.svg,n-not-applicable.svg,n-not-applicable.svg,f-nothing.svg,2026-05-13,,
PRIME (Hastra),,F,RWA,f-nothing.svg,f-nothing.svg,n-not-applicable.svg,f-nothing.svg,f-nothing.svg,f-nothing.svg,2026-05-14,,
PYTH,,F,DeFi Governance,f-nothing.svg,f-nothing.svg,f-nothing.svg,n-not-applicable.svg,f-nothing.svg,f-nothing.svg,2026-05-14,,
RAVE,,F,DeFi Governance,f-nothing.svg,f-nothing.svg,f-nothing.svg,n-not-applicable.svg,n-not-applicable.svg,f-nothing.svg,2026-05-15,,
RAY,,F,DeFi Governance,f-nothing.svg,f-nothing.svg,n-not-applicable.svg,n-not-applicable.svg,n-not-applicable.svg,f-nothing.svg,2026-05-15,,
RSR,,F,DeFi Governance,f-nothing.svg,f-nothing.svg,f-nothing.svg,n-not-applicable.svg,n-not-applicable.svg,f-nothing.svg,2026-05-16,,
SAND,,F,DeFi Governance,f-nothing.svg,f-nothing.svg,f-nothing.svg,n-not-applicable.svg,n-not-applicable.svg,f-nothing.svg,2026-05-15,,
SENT,,F,DeFi Governance,f-nothing.svg,f-nothing.svg,n-not-applicable.svg,n-not-applicable.svg,n-not-applicable.svg,f-nothing.svg,2026-05-16,,
SFP,,F,DeFi Governance,f-nothing.svg,f-nothing.svg,f-nothing.svg,n-not-applicable.svg,n-not-applicable.svg,f-nothing.svg,2026-05-15,,
SNX,,F,DeFi Governance,f-nothing.svg,f-nothing.svg,f-nothing.svg,n-not-applicable.svg,n-not-applicable.svg,f-nothing.svg,2026-05-16,,
SPK,,F,DeFi Governance,f-nothing.svg,f-nothing.svg,f-nothing.svg,n-not-applicable.svg,f-nothing.svg,f-nothing.svg,2026-05-16,,
SPX6900,,F,Meme,f-nothing.svg,n-not-applicable.svg,f-nothing.svg,n-not-applicable.svg,n-not-applicable.svg,f-nothing.svg,2026-05-14,,
STG,,F,DeFi Governance,f-nothing.svg,f-nothing.svg,f-nothing.svg,n-not-applicable.svg,f-nothing.svg,f-nothing.svg,2026-05-16,,
SUN,,F,Stablecoin,f-nothing.svg,f-nothing.svg,n-not-applicable.svg,n-not-applicable.svg,n-not-applicable.svg,f-nothing.svg,2026-05-14,,
TEL,,F,Utility,f-nothing.svg,f-nothing.svg,f-nothing.svg,n-not-applicable.svg,n-not-applicable.svg,f-nothing.svg,2026-05-15,,
TRAC,,F,Utility,f-nothing.svg,f-nothing.svg,f-nothing.svg,n-not-applicable.svg,f-nothing.svg,f-nothing.svg,2026-05-15,,
TRUMP,,F,Meme,f-nothing.svg,n-not-applicable.svg,n-not-applicable.svg,n-not-applicable.svg,n-not-applicable.svg,f-nothing.svg,2026-05-13,,
TUSD,,F,Stablecoin,f-nothing.svg,f-nothing.svg,f-nothing.svg,n-not-applicable.svg,f-nothing.svg,f-nothing.svg,2026-05-13,,
TWT,,F,DeFi Governance,f-nothing.svg,f-nothing.svg,f-nothing.svg,n-not-applicable.svg,n-not-applicable.svg,f-nothing.svg,2026-05-15,,
UB,,F,DeFi Governance,f-nothing.svg,f-nothing.svg,f-nothing.svg,n-not-applicable.svg,n-not-applicable.svg,f-nothing.svg,2026-05-13,,
VIRTUAL,,F,Utility,f-nothing.svg,f-nothing.svg,f-nothing.svg,n-not-applicable.svg,n-not-applicable.svg,f-nothing.svg,2026-05-13,,
VSN,,F,DeFi Governance,f-nothing.svg,f-nothing.svg,f-nothing.svg,n-not-applicable.svg,n-not-applicable.svg,f-nothing.svg,2026-05-15,,
WAL,,F,DeFi Governance,f-nothing.svg,f-nothing.svg,n-not-applicable.svg,n-not-applicable.svg,f-nothing.svg,f-nothing.svg,2026-05-15,,
WIF,,F,Meme,f-nothing.svg,n-not-applicable.svg,f-nothing.svg,n-not-applicable.svg,n-not-applicable.svg,f-nothing.svg,2026-05-15,,
Wormhole,W,F,Utility,f-nothing.svg,f-nothing.svg,f-nothing.svg,n-not-applicable.svg,f-nothing.svg,f-nothing.svg,2026-05-15,,
Wrapped Bitcoin,WBTC,F,Wrapped Asset,f-nothing.svg,f-nothing.svg,f-nothing.svg,f-nothing.svg,n-not-applicable.svg,f-nothing.svg,2026-05-15,,
XCN,,F,DeFi Governance,f-nothing.svg,f-nothing.svg,f-nothing.svg,n-not-applicable.svg,n-not-applicable.svg,f-nothing.svg,2026-05-15,,
YFI,,F,DeFi Governance,f-nothing.svg,f-nothing.svg,f-nothing.svg,n-not-applicable.svg,n-not-applicable.svg,f-nothing.svg,2026-05-16,,
ZBCN,,F,DeFi Governance,f-nothing.svg,f-nothing.svg,f-nothing.svg,n-not-applicable.svg,n-not-applicable.svg,f-nothing.svg,2026-05-14,,
币安人生 (BinanceLife),,F,Meme,f-nothing.svg,f-nothing.svg,n-not-applicable.svg,n-not-applicable.svg,n-not-applicable.svg,f-nothing.svg,2026-05-14,,
